{"cameraMode":{"drawMode":0,"name":"Shaded","section":"Shading Mode"},"sceneLighting":true,"audioPlay":false,"sceneViewState":{"showFog":true,"showMaterialUpdate":true,"showSkybox":true,"showFlares":true,"showImageEffects":true,"showParticleSystems":true},"in2DMode":false,"pivot":{"x":118.87781524658203,"y":-67.4687271118164,"z":-96.73296356201172},"rotation":{"x":-0.11251101642847061,"y":-0.8365635871887207,"z":0.18857909739017487,"w":-0.5028181076049805},"size":177.35003662109376,"orthographic":false}