{"cameraMode":{"drawMode":0,"name":"Shaded","section":"Shading Mode"},"sceneLighting":true,"audioPlay":false,"sceneViewState":{"showFog":true,"showMaterialUpdate":true,"showSkybox":true,"showFlares":true,"showImageEffects":true,"showParticleSystems":true},"in2DMode":false,"pivot":{"x":15.243815422058106,"y":-23.987417221069337,"z":-36.12215805053711},"rotation":{"x":0.13551606237888337,"y":0.8339742422103882,"z":-0.23573139309883119,"w":0.4807661473751068},"size":89.08575439453125,"orthographic":false}