{"cameraMode":{"drawMode":0,"name":"Shaded","section":"Shading Mode"},"sceneLighting":false,"audioPlay":false,"sceneViewState":{"showFog":true,"showMaterialUpdate":true,"showSkybox":false,"showFlares":true,"showImageEffects":true,"showParticleSystems":true},"in2DMode":false,"pivot":{"x":0.36447590589523318,"y":0.9999995231628418,"z":-0.3234844207763672},"rotation":{"x":0.37597736716270449,"y":-0.29194965958595278,"z":0.12586717307567597,"w":0.8705922961235046},"size":5.343029022216797,"orthographic":false}